entrada,Pilha,Regra
void ,[:S],S=IDT_TYPE_OR_VOID id PARAM o_c_brckt ALL_ITER c_c_brckt S
void ,[:IDT_TYPE_OR_VOID،:ID،:PARAM،:O_C_BRCKT،:ALL_ITER،:C_C_BRCKT،:S],IDT_TYPE_OR_VOID=idt_void
(    ,[:PARAM،:O_C_BRCKT،:ALL_ITER،:C_C_BRCKT،:S],PARAM=o_brckt PRH
int  ,[:PRH،:O_C_BRCKT،:ALL_ITER،:C_C_BRCKT،:S],PRH=PR c_brckt
int  ,[:PR،:C_BRCKT،:O_C_BRCKT،:ALL_ITER،:C_C_BRCKT،:S],PR=TYPE ID_OR_VEC PRL
int  ,[:TYPE،:ID_OR_VEC،:PRL،:C_BRCKT،:O_C_BRCKT،:ALL_ITER،:C_C_BRCKT،:S],TYPE=CONST_R IDT_TYPE
int  ,[:CONST_R،:IDT_TYPE،:ID_OR_VEC،:PRL،:C_BRCKT،:O_C_BRCKT،:ALL_ITER،:C_C_BRCKT،:S],CONST_R=epsilon
int  ,[:IDT_TYPE،:ID_OR_VEC،:PRL،:C_BRCKT،:O_C_BRCKT،:ALL_ITER،:C_C_BRCKT،:S],IDT_TYPE=idt_int
n    ,[:ID_OR_VEC،:PRL،:C_BRCKT،:O_C_BRCKT،:ALL_ITER،:C_C_BRCKT،:S],ID_OR_VEC=id VEC_INDX
)    ,[:VEC_INDX،:PRL،:C_BRCKT،:O_C_BRCKT،:ALL_ITER،:C_C_BRCKT،:S],VEC_INDX=epsilon
)    ,[:PRL،:C_BRCKT،:O_C_BRCKT،:ALL_ITER،:C_C_BRCKT،:S],PRL=epsilon
if   ,[:ALL_ITER،:C_C_BRCKT،:S],ALL_ITER=ITER_IF ALL_ITER
if   ,[:ITER_IF،:ALL_ITER،:C_C_BRCKT،:S],ITER_IF=if o_brckt EXPR_BOOL c_brckt o_c_brckt ALL_ITER c_c_brckt ITER_IF_R
n    ,[:EXPR_BOOL،:C_BRCKT،:O_C_BRCKT،:ALL_ITER،:C_C_BRCKT،:ITER_IF_R،:ALL_ITER،:C_C_BRCKT،:S],EXPR_BOOL=EXPR_BOOL_T EXPR_BOOL_H
n    ,[:EXPR_BOOL_T،:EXPR_BOOL_H،:C_BRCKT،:O_C_BRCKT،:ALL_ITER،:C_C_BRCKT،:ITER_IF_R،:ALL_ITER،:C_C_BRCKT،:S],EXPR_BOOL_T=EXPR_BOOL_F EXPR_BOOL_TH
n    ,[:EXPR_BOOL_F،:EXPR_BOOL_TH،:EXPR_BOOL_H،:C_BRCKT،:O_C_BRCKT،:ALL_ITER،:C_C_BRCKT،:ITER_IF_R،:ALL_ITER،:C_C_BRCKT،:S],EXPR_BOOL_F=FN_H_BOOL OPRLR_EQQ_REL EXPR_NUM
n    ,[:FN_H_BOOL،:OPRLR_EQQ_REL،:EXPR_NUM،:EXPR_BOOL_TH،:EXPR_BOOL_H،:C_BRCKT،:O_C_BRCKT،:ALL_ITER،:C_C_BRCKT،:ITER_IF_R،:ALL_ITER،:C_C,FN_H_BOOL=id FN_H_BOOL_V
<    ,[:FN_H_BOOL_V،:OPRLR_EQQ_REL،:EXPR_NUM،:EXPR_BOOL_TH،:EXPR_BOOL_H،:C_BRCKT،:O_C_BRCKT،:ALL_ITER،:C_C_BRCKT،:ITER_IF_R،:ALL_ITER،:C,FN_H_BOOL_V=epsilon
<    ,[:OPRLR_EQQ_REL،:EXPR_NUM،:EXPR_BOOL_TH،:EXPR_BOOL_H،:C_BRCKT،:O_C_BRCKT،:ALL_ITER،:C_C_BRCKT،:ITER_IF_R،:ALL_ITER،:C_C_BRCKT،:S],OPRLR_EQQ_REL=oprlr_rel
0    ,[:EXPR_NUM،:EXPR_BOOL_TH،:EXPR_BOOL_H،:C_BRCKT،:O_C_BRCKT،:ALL_ITER،:C_C_BRCKT،:ITER_IF_R،:ALL_ITER،:C_C_BRCKT،:S],EXPR_NUM=EXPR_NUM_K EXPR_NUM_KR
0    ,[:EXPR_NUM_K،:EXPR_NUM_KR،:EXPR_BOOL_TH،:EXPR_BOOL_H،:C_BRCKT،:O_C_BRCKT،:ALL_ITER،:C_C_BRCKT،:ITER_IF_R،:ALL_ITER،:C_C_BRCKT،:S],EXPR_NUM_K=EXPR_NUM_G EXPR_NUM_KH
0    ,[:EXPR_NUM_G،:EXPR_NUM_KH،:EXPR_NUM_KR،:EXPR_BOOL_TH،:EXPR_BOOL_H،:C_BRCKT،:O_C_BRCKT،:ALL_ITER،:C_C_BRCKT،:ITER_IF_R،:ALL_ITER،:C,EXPR_NUM_G=ct_int
)    ,[:EXPR_NUM_KH،:EXPR_NUM_KR،:EXPR_BOOL_TH،:EXPR_BOOL_H،:C_BRCKT،:O_C_BRCKT،:ALL_ITER،:C_C_BRCKT،:ITER_IF_R،:ALL_ITER،:C_C_BRCKT،:S],EXPR_NUM_KH=epsilon
)    ,[:EXPR_NUM_KR،:EXPR_BOOL_TH،:EXPR_BOOL_H،:C_BRCKT،:O_C_BRCKT،:ALL_ITER،:C_C_BRCKT،:ITER_IF_R،:ALL_ITER،:C_C_BRCKT،:S],EXPR_NUM_KR=epsilon
)    ,[:EXPR_BOOL_TH،:EXPR_BOOL_H،:C_BRCKT،:O_C_BRCKT،:ALL_ITER،:C_C_BRCKT،:ITER_IF_R،:ALL_ITER،:C_C_BRCKT،:S],EXPR_BOOL_TH=epsilon
)    ,[:EXPR_BOOL_H،:C_BRCKT،:O_C_BRCKT،:ALL_ITER،:C_C_BRCKT،:ITER_IF_R،:ALL_ITER،:C_C_BRCKT،:S],EXPR_BOOL_H=epsilon
return,[:ALL_ITER،:C_C_BRCKT،:ITER_IF_R،:ALL_ITER،:C_C_BRCKT،:S],ALL_ITER=ITER_CTRL ALL_ITER
return,[:ITER_CTRL،:ALL_ITER،:C_C_BRCKT،:ITER_IF_R،:ALL_ITER،:C_C_BRCKT،:S],ITER_CTRL=return DATA
-1   ,[:DATA،:ALL_ITER،:C_C_BRCKT،:ITER_IF_R،:ALL_ITER،:C_C_BRCKT،:S],DATA=CT
-1   ,[:CT،:ALL_ITER،:C_C_BRCKT،:ITER_IF_R،:ALL_ITER،:C_C_BRCKT،:S],CT=ct_int
}    ,[:ALL_ITER،:C_C_BRCKT،:ITER_IF_R،:ALL_ITER،:C_C_BRCKT،:S],ALL_ITER=epsilon
if   ,[:ITER_IF_R،:ALL_ITER،:C_C_BRCKT،:S],ITER_IF_R=epsilon
if   ,[:ALL_ITER،:C_C_BRCKT،:S],ALL_ITER=ITER_IF ALL_ITER
if   ,[:ITER_IF،:ALL_ITER،:C_C_BRCKT،:S],ITER_IF=if o_brckt EXPR_BOOL c_brckt o_c_brckt ALL_ITER c_c_brckt ITER_IF_R
n    ,[:EXPR_BOOL،:C_BRCKT،:O_C_BRCKT،:ALL_ITER،:C_C_BRCKT،:ITER_IF_R،:ALL_ITER،:C_C_BRCKT،:S],EXPR_BOOL=EXPR_BOOL_T EXPR_BOOL_H
n    ,[:EXPR_BOOL_T،:EXPR_BOOL_H،:C_BRCKT،:O_C_BRCKT،:ALL_ITER،:C_C_BRCKT،:ITER_IF_R،:ALL_ITER،:C_C_BRCKT،:S],EXPR_BOOL_T=EXPR_BOOL_F EXPR_BOOL_TH
n    ,[:EXPR_BOOL_F،:EXPR_BOOL_TH،:EXPR_BOOL_H،:C_BRCKT،:O_C_BRCKT،:ALL_ITER،:C_C_BRCKT،:ITER_IF_R،:ALL_ITER،:C_C_BRCKT،:S],EXPR_BOOL_F=FN_H_BOOL OPRLR_EQQ_REL EXPR_NUM
n    ,[:FN_H_BOOL،:OPRLR_EQQ_REL،:EXPR_NUM،:EXPR_BOOL_TH،:EXPR_BOOL_H،:C_BRCKT،:O_C_BRCKT،:ALL_ITER،:C_C_BRCKT،:ITER_IF_R،:ALL_ITER،:C_C,FN_H_BOOL=id FN_H_BOOL_V
=    ,[:FN_H_BOOL_V،:OPRLR_EQQ_REL،:EXPR_NUM،:EXPR_BOOL_TH،:EXPR_BOOL_H،:C_BRCKT،:O_C_BRCKT،:ALL_ITER،:C_C_BRCKT،:ITER_IF_R،:ALL_ITER،:C,FN_H_BOOL_V=epsilon
=    ,[:OPRLR_EQQ_REL،:EXPR_NUM،:EXPR_BOOL_TH،:EXPR_BOOL_H،:C_BRCKT،:O_C_BRCKT،:ALL_ITER،:C_C_BRCKT،:ITER_IF_R،:ALL_ITER،:C_C_BRCKT،:S],OPRLR_EQQ_REL=opr_atr opr_atr
0    ,[:EXPR_NUM،:EXPR_BOOL_TH،:EXPR_BOOL_H،:C_BRCKT،:O_C_BRCKT،:ALL_ITER،:C_C_BRCKT،:ITER_IF_R،:ALL_ITER،:C_C_BRCKT،:S],EXPR_NUM=EXPR_NUM_K EXPR_NUM_KR
0    ,[:EXPR_NUM_K،:EXPR_NUM_KR،:EXPR_BOOL_TH،:EXPR_BOOL_H،:C_BRCKT،:O_C_BRCKT،:ALL_ITER،:C_C_BRCKT،:ITER_IF_R،:ALL_ITER،:C_C_BRCKT،:S],EXPR_NUM_K=EXPR_NUM_G EXPR_NUM_KH
0    ,[:EXPR_NUM_G،:EXPR_NUM_KH،:EXPR_NUM_KR،:EXPR_BOOL_TH،:EXPR_BOOL_H،:C_BRCKT،:O_C_BRCKT،:ALL_ITER،:C_C_BRCKT،:ITER_IF_R،:ALL_ITER،:C,EXPR_NUM_G=ct_int
)    ,[:EXPR_NUM_KH،:EXPR_NUM_KR،:EXPR_BOOL_TH،:EXPR_BOOL_H،:C_BRCKT،:O_C_BRCKT،:ALL_ITER،:C_C_BRCKT،:ITER_IF_R،:ALL_ITER،:C_C_BRCKT،:S],EXPR_NUM_KH=epsilon
)    ,[:EXPR_NUM_KR،:EXPR_BOOL_TH،:EXPR_BOOL_H،:C_BRCKT،:O_C_BRCKT،:ALL_ITER،:C_C_BRCKT،:ITER_IF_R،:ALL_ITER،:C_C_BRCKT،:S],EXPR_NUM_KR=epsilon
)    ,[:EXPR_BOOL_TH،:EXPR_BOOL_H،:C_BRCKT،:O_C_BRCKT،:ALL_ITER،:C_C_BRCKT،:ITER_IF_R،:ALL_ITER،:C_C_BRCKT،:S],EXPR_BOOL_TH=epsilon
)    ,[:EXPR_BOOL_H،:C_BRCKT،:O_C_BRCKT،:ALL_ITER،:C_C_BRCKT،:ITER_IF_R،:ALL_ITER،:C_C_BRCKT،:S],EXPR_BOOL_H=epsilon
print,[:ALL_ITER،:C_C_BRCKT،:ITER_IF_R،:ALL_ITER،:C_C_BRCKT،:S],ALL_ITER=FCALL_OR_ATRIB ALL_ITER
print,[:FCALL_OR_ATRIB،:ALL_ITER،:C_C_BRCKT،:ITER_IF_R،:ALL_ITER،:C_C_BRCKT،:S],FCALL_OR_ATRIB=ID_OR_VEC FCALL_OR_ATRIB_F
print,[:ID_OR_VEC،:FCALL_OR_ATRIB_F،:ALL_ITER،:C_C_BRCKT،:ITER_IF_R،:ALL_ITER،:C_C_BRCKT،:S],ID_OR_VEC=id VEC_INDX
(    ,[:VEC_INDX،:FCALL_OR_ATRIB_F،:ALL_ITER،:C_C_BRCKT،:ITER_IF_R،:ALL_ITER،:C_C_BRCKT،:S],VEC_INDX=epsilon
(    ,[:FCALL_OR_ATRIB_F،:ALL_ITER،:C_C_BRCKT،:ITER_IF_R،:ALL_ITER،:C_C_BRCKT،:S],FCALL_OR_ATRIB_F=FN_CH
(    ,[:FN_CH،:ALL_ITER،:C_C_BRCKT،:ITER_IF_R،:ALL_ITER،:C_C_BRCKT،:S],FN_CH=o_brckt FN_CHP
0  ,[:FN_CHP،:ALL_ITER،:C_C_BRCKT،:ITER_IF_R،:ALL_ITER،:C_C_BRCKT،:S],FN_CHP=FN_PR c_brckt
0  ,[:FN_PR،:C_BRCKT،:ALL_ITER،:C_C_BRCKT،:ITER_IF_R،:ALL_ITER،:C_C_BRCKT،:S],FN_PR=CT FN_PRE
0  ,[:CT،:FN_PRE،:C_BRCKT،:ALL_ITER،:C_C_BRCKT،:ITER_IF_R،:ALL_ITER،:C_C_BRCKT،:S],CT=ct_string
)    ,[:FN_PRE،:C_BRCKT،:ALL_ITER،:C_C_BRCKT،:ITER_IF_R،:ALL_ITER،:C_C_BRCKT،:S],FN_PRE=epsilon
return,[:ALL_ITER،:C_C_BRCKT،:ITER_IF_R،:ALL_ITER،:C_C_BRCKT،:S],ALL_ITER=ITER_CTRL ALL_ITER
return,[:ITER_CTRL،:ALL_ITER،:C_C_BRCKT،:ITER_IF_R،:ALL_ITER،:C_C_BRCKT،:S],ITER_CTRL=return DATA
-1   ,[:DATA،:ALL_ITER،:C_C_BRCKT،:ITER_IF_R،:ALL_ITER،:C_C_BRCKT،:S],DATA=CT
-1   ,[:CT،:ALL_ITER،:C_C_BRCKT،:ITER_IF_R،:ALL_ITER،:C_C_BRCKT،:S],CT=ct_int
}    ,[:ALL_ITER،:C_C_BRCKT،:ITER_IF_R،:ALL_ITER،:C_C_BRCKT،:S],ALL_ITER=epsilon
if   ,[:ITER_IF_R،:ALL_ITER،:C_C_BRCKT،:S],ITER_IF_R=epsilon
if   ,[:ALL_ITER،:C_C_BRCKT،:S],ALL_ITER=ITER_IF ALL_ITER
if   ,[:ITER_IF،:ALL_ITER،:C_C_BRCKT،:S],ITER_IF=if o_brckt EXPR_BOOL c_brckt o_c_brckt ALL_ITER c_c_brckt ITER_IF_R
n    ,[:EXPR_BOOL،:C_BRCKT،:O_C_BRCKT،:ALL_ITER،:C_C_BRCKT،:ITER_IF_R،:ALL_ITER،:C_C_BRCKT،:S],EXPR_BOOL=EXPR_BOOL_T EXPR_BOOL_H
n    ,[:EXPR_BOOL_T،:EXPR_BOOL_H،:C_BRCKT،:O_C_BRCKT،:ALL_ITER،:C_C_BRCKT،:ITER_IF_R،:ALL_ITER،:C_C_BRCKT،:S],EXPR_BOOL_T=EXPR_BOOL_F EXPR_BOOL_TH
n    ,[:EXPR_BOOL_F،:EXPR_BOOL_TH،:EXPR_BOOL_H،:C_BRCKT،:O_C_BRCKT،:ALL_ITER،:C_C_BRCKT،:ITER_IF_R،:ALL_ITER،:C_C_BRCKT،:S],EXPR_BOOL_F=FN_H_BOOL OPRLR_EQQ_REL EXPR_NUM
n    ,[:FN_H_BOOL،:OPRLR_EQQ_REL،:EXPR_NUM،:EXPR_BOOL_TH،:EXPR_BOOL_H،:C_BRCKT،:O_C_BRCKT،:ALL_ITER،:C_C_BRCKT،:ITER_IF_R،:ALL_ITER،:C_C,FN_H_BOOL=id FN_H_BOOL_V
=    ,[:FN_H_BOOL_V،:OPRLR_EQQ_REL،:EXPR_NUM،:EXPR_BOOL_TH،:EXPR_BOOL_H،:C_BRCKT،:O_C_BRCKT،:ALL_ITER،:C_C_BRCKT،:ITER_IF_R،:ALL_ITER،:C,FN_H_BOOL_V=epsilon
=    ,[:OPRLR_EQQ_REL،:EXPR_NUM،:EXPR_BOOL_TH،:EXPR_BOOL_H،:C_BRCKT،:O_C_BRCKT،:ALL_ITER،:C_C_BRCKT،:ITER_IF_R،:ALL_ITER،:C_C_BRCKT،:S],OPRLR_EQQ_REL=opr_atr opr_atr
1    ,[:EXPR_NUM،:EXPR_BOOL_TH،:EXPR_BOOL_H،:C_BRCKT،:O_C_BRCKT،:ALL_ITER،:C_C_BRCKT،:ITER_IF_R،:ALL_ITER،:C_C_BRCKT،:S],EXPR_NUM=EXPR_NUM_K EXPR_NUM_KR
1    ,[:EXPR_NUM_K،:EXPR_NUM_KR،:EXPR_BOOL_TH،:EXPR_BOOL_H،:C_BRCKT،:O_C_BRCKT،:ALL_ITER،:C_C_BRCKT،:ITER_IF_R،:ALL_ITER،:C_C_BRCKT،:S],EXPR_NUM_K=EXPR_NUM_G EXPR_NUM_KH
1    ,[:EXPR_NUM_G،:EXPR_NUM_KH،:EXPR_NUM_KR،:EXPR_BOOL_TH،:EXPR_BOOL_H،:C_BRCKT،:O_C_BRCKT،:ALL_ITER،:C_C_BRCKT،:ITER_IF_R،:ALL_ITER،:C,EXPR_NUM_G=ct_int
)    ,[:EXPR_NUM_KH،:EXPR_NUM_KR،:EXPR_BOOL_TH،:EXPR_BOOL_H،:C_BRCKT،:O_C_BRCKT،:ALL_ITER،:C_C_BRCKT،:ITER_IF_R،:ALL_ITER،:C_C_BRCKT،:S],EXPR_NUM_KH=epsilon
)    ,[:EXPR_NUM_KR،:EXPR_BOOL_TH،:EXPR_BOOL_H،:C_BRCKT،:O_C_BRCKT،:ALL_ITER،:C_C_BRCKT،:ITER_IF_R،:ALL_ITER،:C_C_BRCKT،:S],EXPR_NUM_KR=epsilon
)    ,[:EXPR_BOOL_TH،:EXPR_BOOL_H،:C_BRCKT،:O_C_BRCKT،:ALL_ITER،:C_C_BRCKT،:ITER_IF_R،:ALL_ITER،:C_C_BRCKT،:S],EXPR_BOOL_TH=epsilon
)    ,[:EXPR_BOOL_H،:C_BRCKT،:O_C_BRCKT،:ALL_ITER،:C_C_BRCKT،:ITER_IF_R،:ALL_ITER،:C_C_BRCKT،:S],EXPR_BOOL_H=epsilon
print,[:ALL_ITER،:C_C_BRCKT،:ITER_IF_R،:ALL_ITER،:C_C_BRCKT،:S],ALL_ITER=FCALL_OR_ATRIB ALL_ITER
print,[:FCALL_OR_ATRIB،:ALL_ITER،:C_C_BRCKT،:ITER_IF_R،:ALL_ITER،:C_C_BRCKT،:S],FCALL_OR_ATRIB=ID_OR_VEC FCALL_OR_ATRIB_F
print,[:ID_OR_VEC،:FCALL_OR_ATRIB_F،:ALL_ITER،:C_C_BRCKT،:ITER_IF_R،:ALL_ITER،:C_C_BRCKT،:S],ID_OR_VEC=id VEC_INDX
(    ,[:VEC_INDX،:FCALL_OR_ATRIB_F،:ALL_ITER،:C_C_BRCKT،:ITER_IF_R،:ALL_ITER،:C_C_BRCKT،:S],VEC_INDX=epsilon
(    ,[:FCALL_OR_ATRIB_F،:ALL_ITER،:C_C_BRCKT،:ITER_IF_R،:ALL_ITER،:C_C_BRCKT،:S],FCALL_OR_ATRIB_F=FN_CH
(    ,[:FN_CH،:ALL_ITER،:C_C_BRCKT،:ITER_IF_R،:ALL_ITER،:C_C_BRCKT،:S],FN_CH=o_brckt FN_CHP
0.1,[:FN_CHP،:ALL_ITER،:C_C_BRCKT،:ITER_IF_R،:ALL_ITER،:C_C_BRCKT،:S],FN_CHP=FN_PR c_brckt
0.1,[:FN_PR،:C_BRCKT،:ALL_ITER،:C_C_BRCKT،:ITER_IF_R،:ALL_ITER،:C_C_BRCKT،:S],FN_PR=CT FN_PRE
0.1,[:CT،:FN_PRE،:C_BRCKT،:ALL_ITER،:C_C_BRCKT،:ITER_IF_R،:ALL_ITER،:C_C_BRCKT،:S],CT=ct_string
)    ,[:FN_PRE،:C_BRCKT،:ALL_ITER،:C_C_BRCKT،:ITER_IF_R،:ALL_ITER،:C_C_BRCKT،:S],FN_PRE=epsilon
return,[:ALL_ITER،:C_C_BRCKT،:ITER_IF_R،:ALL_ITER،:C_C_BRCKT،:S],ALL_ITER=ITER_CTRL ALL_ITER
return,[:ITER_CTRL،:ALL_ITER،:C_C_BRCKT،:ITER_IF_R،:ALL_ITER،:C_C_BRCKT،:S],ITER_CTRL=return DATA
-1   ,[:DATA،:ALL_ITER،:C_C_BRCKT،:ITER_IF_R،:ALL_ITER،:C_C_BRCKT،:S],DATA=CT
-1   ,[:CT،:ALL_ITER،:C_C_BRCKT،:ITER_IF_R،:ALL_ITER،:C_C_BRCKT،:S],CT=ct_int
}    ,[:ALL_ITER،:C_C_BRCKT،:ITER_IF_R،:ALL_ITER،:C_C_BRCKT،:S],ALL_ITER=epsilon
if   ,[:ITER_IF_R،:ALL_ITER،:C_C_BRCKT،:S],ITER_IF_R=epsilon
if   ,[:ALL_ITER،:C_C_BRCKT،:S],ALL_ITER=ITER_IF ALL_ITER
if   ,[:ITER_IF،:ALL_ITER،:C_C_BRCKT،:S],ITER_IF=if o_brckt EXPR_BOOL c_brckt o_c_brckt ALL_ITER c_c_brckt ITER_IF_R
n    ,[:EXPR_BOOL،:C_BRCKT،:O_C_BRCKT،:ALL_ITER،:C_C_BRCKT،:ITER_IF_R،:ALL_ITER،:C_C_BRCKT،:S],EXPR_BOOL=EXPR_BOOL_T EXPR_BOOL_H
n    ,[:EXPR_BOOL_T،:EXPR_BOOL_H،:C_BRCKT،:O_C_BRCKT،:ALL_ITER،:C_C_BRCKT،:ITER_IF_R،:ALL_ITER،:C_C_BRCKT،:S],EXPR_BOOL_T=EXPR_BOOL_F EXPR_BOOL_TH
n    ,[:EXPR_BOOL_F،:EXPR_BOOL_TH،:EXPR_BOOL_H،:C_BRCKT،:O_C_BRCKT،:ALL_ITER،:C_C_BRCKT،:ITER_IF_R،:ALL_ITER،:C_C_BRCKT،:S],EXPR_BOOL_F=FN_H_BOOL OPRLR_EQQ_REL EXPR_NUM
n    ,[:FN_H_BOOL،:OPRLR_EQQ_REL،:EXPR_NUM،:EXPR_BOOL_TH،:EXPR_BOOL_H،:C_BRCKT،:O_C_BRCKT،:ALL_ITER،:C_C_BRCKT،:ITER_IF_R،:ALL_ITER،:C_C,FN_H_BOOL=id FN_H_BOOL_V
>    ,[:FN_H_BOOL_V،:OPRLR_EQQ_REL،:EXPR_NUM،:EXPR_BOOL_TH،:EXPR_BOOL_H،:C_BRCKT،:O_C_BRCKT،:ALL_ITER،:C_C_BRCKT،:ITER_IF_R،:ALL_ITER،:C,FN_H_BOOL_V=epsilon
>    ,[:OPRLR_EQQ_REL،:EXPR_NUM،:EXPR_BOOL_TH،:EXPR_BOOL_H،:C_BRCKT،:O_C_BRCKT،:ALL_ITER،:C_C_BRCKT،:ITER_IF_R،:ALL_ITER،:C_C_BRCKT،:S],OPRLR_EQQ_REL=oprlr_rel
1    ,[:EXPR_NUM،:EXPR_BOOL_TH،:EXPR_BOOL_H،:C_BRCKT،:O_C_BRCKT،:ALL_ITER،:C_C_BRCKT،:ITER_IF_R،:ALL_ITER،:C_C_BRCKT،:S],EXPR_NUM=EXPR_NUM_K EXPR_NUM_KR
1    ,[:EXPR_NUM_K،:EXPR_NUM_KR،:EXPR_BOOL_TH،:EXPR_BOOL_H،:C_BRCKT،:O_C_BRCKT،:ALL_ITER،:C_C_BRCKT،:ITER_IF_R،:ALL_ITER،:C_C_BRCKT،:S],EXPR_NUM_K=EXPR_NUM_G EXPR_NUM_KH
1    ,[:EXPR_NUM_G،:EXPR_NUM_KH،:EXPR_NUM_KR،:EXPR_BOOL_TH،:EXPR_BOOL_H،:C_BRCKT،:O_C_BRCKT،:ALL_ITER،:C_C_BRCKT،:ITER_IF_R،:ALL_ITER،:C,EXPR_NUM_G=ct_int
)    ,[:EXPR_NUM_KH،:EXPR_NUM_KR،:EXPR_BOOL_TH،:EXPR_BOOL_H،:C_BRCKT،:O_C_BRCKT،:ALL_ITER،:C_C_BRCKT،:ITER_IF_R،:ALL_ITER،:C_C_BRCKT،:S],EXPR_NUM_KH=epsilon
)    ,[:EXPR_NUM_KR،:EXPR_BOOL_TH،:EXPR_BOOL_H،:C_BRCKT،:O_C_BRCKT،:ALL_ITER،:C_C_BRCKT،:ITER_IF_R،:ALL_ITER،:C_C_BRCKT،:S],EXPR_NUM_KR=epsilon
)    ,[:EXPR_BOOL_TH،:EXPR_BOOL_H،:C_BRCKT،:O_C_BRCKT،:ALL_ITER،:C_C_BRCKT،:ITER_IF_R،:ALL_ITER،:C_C_BRCKT،:S],EXPR_BOOL_TH=epsilon
)    ,[:EXPR_BOOL_H،:C_BRCKT،:O_C_BRCKT،:ALL_ITER،:C_C_BRCKT،:ITER_IF_R،:ALL_ITER،:C_C_BRCKT،:S],EXPR_BOOL_H=epsilon
int  ,[:ALL_ITER،:C_C_BRCKT،:ITER_IF_R،:ALL_ITER،:C_C_BRCKT،:S],ALL_ITER=VAR_DCLR ALL_ITER
int  ,[:VAR_DCLR،:ALL_ITER،:C_C_BRCKT،:ITER_IF_R،:ALL_ITER،:C_C_BRCKT،:S],VAR_DCLR=IDT_TYPE ID_OR_VEC opr_atr DATA
int  ,[:IDT_TYPE،:ID_OR_VEC،:OPR_ATR،:DATA،:ALL_ITER،:C_C_BRCKT،:ITER_IF_R،:ALL_ITER،:C_C_BRCKT،:S],IDT_TYPE=idt_int
sequence,[:ID_OR_VEC،:OPR_ATR،:DATA،:ALL_ITER،:C_C_BRCKT،:ITER_IF_R،:ALL_ITER،:C_C_BRCKT،:S],ID_OR_VEC=id VEC_INDX
::   ,[:VEC_INDX،:OPR_ATR،:DATA،:ALL_ITER،:C_C_BRCKT،:ITER_IF_R،:ALL_ITER،:C_C_BRCKT،:S],VEC_INDX=vec_in VEC_INDX_F
n    ,[:VEC_INDX_F،:OPR_ATR،:DATA،:ALL_ITER،:C_C_BRCKT،:ITER_IF_R،:ALL_ITER،:C_C_BRCKT،:S],VEC_INDX_F=INT_OR_ID
n    ,[:INT_OR_ID،:OPR_ATR،:DATA،:ALL_ITER،:C_C_BRCKT،:ITER_IF_R،:ALL_ITER،:C_C_BRCKT،:S],INT_OR_ID=id
1    ,[:DATA،:ALL_ITER،:C_C_BRCKT،:ITER_IF_R،:ALL_ITER،:C_C_BRCKT،:S],DATA=CT
1    ,[:CT،:ALL_ITER،:C_C_BRCKT،:ITER_IF_R،:ALL_ITER،:C_C_BRCKT،:S],CT=ct_int
sequence,[:ALL_ITER،:C_C_BRCKT،:ITER_IF_R،:ALL_ITER،:C_C_BRCKT،:S],ALL_ITER=FCALL_OR_ATRIB ALL_ITER
sequence,[:FCALL_OR_ATRIB،:ALL_ITER،:C_C_BRCKT،:ITER_IF_R،:ALL_ITER،:C_C_BRCKT،:S],FCALL_OR_ATRIB=ID_OR_VEC FCALL_OR_ATRIB_F
sequence,[:ID_OR_VEC،:FCALL_OR_ATRIB_F،:ALL_ITER،:C_C_BRCKT،:ITER_IF_R،:ALL_ITER،:C_C_BRCKT،:S],ID_OR_VEC=id VEC_INDX
::   ,[:VEC_INDX،:FCALL_OR_ATRIB_F،:ALL_ITER،:C_C_BRCKT،:ITER_IF_R،:ALL_ITER،:C_C_BRCKT،:S],VEC_INDX=vec_in VEC_INDX_F
0    ,[:VEC_INDX_F،:FCALL_OR_ATRIB_F،:ALL_ITER،:C_C_BRCKT،:ITER_IF_R،:ALL_ITER،:C_C_BRCKT،:S],VEC_INDX_F=INT_OR_ID
0    ,[:INT_OR_ID،:FCALL_OR_ATRIB_F،:ALL_ITER،:C_C_BRCKT،:ITER_IF_R،:ALL_ITER،:C_C_BRCKT،:S],INT_OR_ID=ct_int
=    ,[:FCALL_OR_ATRIB_F،:ALL_ITER،:C_C_BRCKT،:ITER_IF_R،:ALL_ITER،:C_C_BRCKT،:S],FCALL_OR_ATRIB_F=ATRIB
=    ,[:ATRIB،:ALL_ITER،:C_C_BRCKT،:ITER_IF_R،:ALL_ITER،:C_C_BRCKT،:S],ATRIB=opr_atr EXPR_NUM
0    ,[:EXPR_NUM،:ALL_ITER،:C_C_BRCKT،:ITER_IF_R،:ALL_ITER،:C_C_BRCKT،:S],EXPR_NUM=EXPR_NUM_K EXPR_NUM_KR
0    ,[:EXPR_NUM_K،:EXPR_NUM_KR،:ALL_ITER،:C_C_BRCKT،:ITER_IF_R،:ALL_ITER،:C_C_BRCKT،:S],EXPR_NUM_K=EXPR_NUM_G EXPR_NUM_KH
0    ,[:EXPR_NUM_G،:EXPR_NUM_KH،:EXPR_NUM_KR،:ALL_ITER،:C_C_BRCKT،:ITER_IF_R،:ALL_ITER،:C_C_BRCKT،:S],EXPR_NUM_G=ct_int
sequence,[:EXPR_NUM_KH،:EXPR_NUM_KR،:ALL_ITER،:C_C_BRCKT،:ITER_IF_R،:ALL_ITER،:C_C_BRCKT،:S],EXPR_NUM_KH=epsilon
sequence,[:EXPR_NUM_KR،:ALL_ITER،:C_C_BRCKT،:ITER_IF_R،:ALL_ITER،:C_C_BRCKT،:S],EXPR_NUM_KR=epsilon
sequence,[:ALL_ITER،:C_C_BRCKT،:ITER_IF_R،:ALL_ITER،:C_C_BRCKT،:S],ALL_ITER=FCALL_OR_ATRIB ALL_ITER
sequence,[:FCALL_OR_ATRIB،:ALL_ITER،:C_C_BRCKT،:ITER_IF_R،:ALL_ITER،:C_C_BRCKT،:S],FCALL_OR_ATRIB=ID_OR_VEC FCALL_OR_ATRIB_F
sequence,[:ID_OR_VEC،:FCALL_OR_ATRIB_F،:ALL_ITER،:C_C_BRCKT،:ITER_IF_R،:ALL_ITER،:C_C_BRCKT،:S],ID_OR_VEC=id VEC_INDX
::   ,[:VEC_INDX،:FCALL_OR_ATRIB_F،:ALL_ITER،:C_C_BRCKT،:ITER_IF_R،:ALL_ITER،:C_C_BRCKT،:S],VEC_INDX=vec_in VEC_INDX_F
1    ,[:VEC_INDX_F،:FCALL_OR_ATRIB_F،:ALL_ITER،:C_C_BRCKT،:ITER_IF_R،:ALL_ITER،:C_C_BRCKT،:S],VEC_INDX_F=INT_OR_ID
1    ,[:INT_OR_ID،:FCALL_OR_ATRIB_F،:ALL_ITER،:C_C_BRCKT،:ITER_IF_R،:ALL_ITER،:C_C_BRCKT،:S],INT_OR_ID=ct_int
=    ,[:FCALL_OR_ATRIB_F،:ALL_ITER،:C_C_BRCKT،:ITER_IF_R،:ALL_ITER،:C_C_BRCKT،:S],FCALL_OR_ATRIB_F=ATRIB
=    ,[:ATRIB،:ALL_ITER،:C_C_BRCKT،:ITER_IF_R،:ALL_ITER،:C_C_BRCKT،:S],ATRIB=opr_atr EXPR_NUM
1    ,[:EXPR_NUM،:ALL_ITER،:C_C_BRCKT،:ITER_IF_R،:ALL_ITER،:C_C_BRCKT،:S],EXPR_NUM=EXPR_NUM_K EXPR_NUM_KR
1    ,[:EXPR_NUM_K،:EXPR_NUM_KR،:ALL_ITER،:C_C_BRCKT،:ITER_IF_R،:ALL_ITER،:C_C_BRCKT،:S],EXPR_NUM_K=EXPR_NUM_G EXPR_NUM_KH
1    ,[:EXPR_NUM_G،:EXPR_NUM_KH،:EXPR_NUM_KR،:ALL_ITER،:C_C_BRCKT،:ITER_IF_R،:ALL_ITER،:C_C_BRCKT،:S],EXPR_NUM_G=ct_int
seq  ,[:EXPR_NUM_KH،:EXPR_NUM_KR،:ALL_ITER،:C_C_BRCKT،:ITER_IF_R،:ALL_ITER،:C_C_BRCKT،:S],EXPR_NUM_KH=epsilon
seq  ,[:EXPR_NUM_KR،:ALL_ITER،:C_C_BRCKT،:ITER_IF_R،:ALL_ITER،:C_C_BRCKT،:S],EXPR_NUM_KR=epsilon
seq  ,[:ALL_ITER،:C_C_BRCKT،:ITER_IF_R،:ALL_ITER،:C_C_BRCKT،:S],ALL_ITER=FCALL_OR_ATRIB ALL_ITER
seq  ,[:FCALL_OR_ATRIB،:ALL_ITER،:C_C_BRCKT،:ITER_IF_R،:ALL_ITER،:C_C_BRCKT،:S],FCALL_OR_ATRIB=ID_OR_VEC FCALL_OR_ATRIB_F
seq  ,[:ID_OR_VEC،:FCALL_OR_ATRIB_F،:ALL_ITER،:C_C_BRCKT،:ITER_IF_R،:ALL_ITER،:C_C_BRCKT،:S],ID_OR_VEC=id VEC_INDX
=    ,[:VEC_INDX،:FCALL_OR_ATRIB_F،:ALL_ITER،:C_C_BRCKT،:ITER_IF_R،:ALL_ITER،:C_C_BRCKT،:S],VEC_INDX=epsilon
=    ,[:FCALL_OR_ATRIB_F،:ALL_ITER،:C_C_BRCKT،:ITER_IF_R،:ALL_ITER،:C_C_BRCKT،:S],FCALL_OR_ATRIB_F=ATRIB
=    ,[:ATRIB،:ALL_ITER،:C_C_BRCKT،:ITER_IF_R،:ALL_ITER،:C_C_BRCKT،:S],ATRIB=opr_atr EXPR_NUM
sequence,[:EXPR_NUM،:ALL_ITER،:C_C_BRCKT،:ITER_IF_R،:ALL_ITER،:C_C_BRCKT،:S],EXPR_NUM=EXPR_NUM_K EXPR_NUM_KR
sequence,[:EXPR_NUM_K،:EXPR_NUM_KR،:ALL_ITER،:C_C_BRCKT،:ITER_IF_R،:ALL_ITER،:C_C_BRCKT،:S],EXPR_NUM_K=EXPR_NUM_G EXPR_NUM_KH
sequence,[:EXPR_NUM_G،:EXPR_NUM_KH،:EXPR_NUM_KR،:ALL_ITER،:C_C_BRCKT،:ITER_IF_R،:ALL_ITER،:C_C_BRCKT،:S],EXPR_NUM_G=ID_OR_VEC
sequence,[:ID_OR_VEC،:EXPR_NUM_KH،:EXPR_NUM_KR،:ALL_ITER،:C_C_BRCKT،:ITER_IF_R،:ALL_ITER،:C_C_BRCKT،:S],ID_OR_VEC=id VEC_INDX
::   ,[:VEC_INDX،:EXPR_NUM_KH،:EXPR_NUM_KR،:ALL_ITER،:C_C_BRCKT،:ITER_IF_R،:ALL_ITER،:C_C_BRCKT،:S],VEC_INDX=vec_in VEC_INDX_F
0    ,[:VEC_INDX_F،:EXPR_NUM_KH،:EXPR_NUM_KR،:ALL_ITER،:C_C_BRCKT،:ITER_IF_R،:ALL_ITER،:C_C_BRCKT،:S],VEC_INDX_F=INT_OR_ID
0    ,[:INT_OR_ID،:EXPR_NUM_KH،:EXPR_NUM_KR،:ALL_ITER،:C_C_BRCKT،:ITER_IF_R،:ALL_ITER،:C_C_BRCKT،:S],INT_OR_ID=ct_int
print,[:EXPR_NUM_KH،:EXPR_NUM_KR،:ALL_ITER،:C_C_BRCKT،:ITER_IF_R،:ALL_ITER،:C_C_BRCKT،:S],EXPR_NUM_KH=epsilon
print,[:EXPR_NUM_KR،:ALL_ITER،:C_C_BRCKT،:ITER_IF_R،:ALL_ITER،:C_C_BRCKT،:S],EXPR_NUM_KR=epsilon
print,[:ALL_ITER،:C_C_BRCKT،:ITER_IF_R،:ALL_ITER،:C_C_BRCKT،:S],ALL_ITER=FCALL_OR_ATRIB ALL_ITER
print,[:FCALL_OR_ATRIB،:ALL_ITER،:C_C_BRCKT،:ITER_IF_R،:ALL_ITER،:C_C_BRCKT،:S],FCALL_OR_ATRIB=ID_OR_VEC FCALL_OR_ATRIB_F
print,[:ID_OR_VEC،:FCALL_OR_ATRIB_F،:ALL_ITER،:C_C_BRCKT،:ITER_IF_R،:ALL_ITER،:C_C_BRCKT،:S],ID_OR_VEC=id VEC_INDX
(    ,[:VEC_INDX،:FCALL_OR_ATRIB_F،:ALL_ITER،:C_C_BRCKT،:ITER_IF_R،:ALL_ITER،:C_C_BRCKT،:S],VEC_INDX=epsilon
(    ,[:FCALL_OR_ATRIB_F،:ALL_ITER،:C_C_BRCKT،:ITER_IF_R،:ALL_ITER،:C_C_BRCKT،:S],FCALL_OR_ATRIB_F=FN_CH
(    ,[:FN_CH،:ALL_ITER،:C_C_BRCKT،:ITER_IF_R،:ALL_ITER،:C_C_BRCKT،:S],FN_CH=o_brckt FN_CHP
seq  ,[:FN_CHP،:ALL_ITER،:C_C_BRCKT،:ITER_IF_R،:ALL_ITER،:C_C_BRCKT،:S],FN_CHP=FN_PR c_brckt
seq  ,[:FN_PR،:C_BRCKT،:ALL_ITER،:C_C_BRCKT،:ITER_IF_R،:ALL_ITER،:C_C_BRCKT،:S],FN_PR=id FN_PRE
)    ,[:FN_PRE،:C_BRCKT،:ALL_ITER،:C_C_BRCKT،:ITER_IF_R،:ALL_ITER،:C_C_BRCKT،:S],FN_PRE=epsilon
print,[:ALL_ITER،:C_C_BRCKT،:ITER_IF_R،:ALL_ITER،:C_C_BRCKT،:S],ALL_ITER=FCALL_OR_ATRIB ALL_ITER
print,[:FCALL_OR_ATRIB،:ALL_ITER،:C_C_BRCKT،:ITER_IF_R،:ALL_ITER،:C_C_BRCKT،:S],FCALL_OR_ATRIB=ID_OR_VEC FCALL_OR_ATRIB_F
print,[:ID_OR_VEC،:FCALL_OR_ATRIB_F،:ALL_ITER،:C_C_BRCKT،:ITER_IF_R،:ALL_ITER،:C_C_BRCKT،:S],ID_OR_VEC=id VEC_INDX
(    ,[:VEC_INDX،:FCALL_OR_ATRIB_F،:ALL_ITER،:C_C_BRCKT،:ITER_IF_R،:ALL_ITER،:C_C_BRCKT،:S],VEC_INDX=epsilon
(    ,[:FCALL_OR_ATRIB_F،:ALL_ITER،:C_C_BRCKT،:ITER_IF_R،:ALL_ITER،:C_C_BRCKT،:S],FCALL_OR_ATRIB_F=FN_CH
(    ,[:FN_CH،:ALL_ITER،:C_C_BRCKT،:ITER_IF_R،:ALL_ITER،:C_C_BRCKT،:S],FN_CH=o_brckt FN_CHP
.  ,[:FN_CHP،:ALL_ITER،:C_C_BRCKT،:ITER_IF_R،:ALL_ITER،:C_C_BRCKT،:S],FN_CHP=FN_PR c_brckt
.  ,[:FN_PR،:C_BRCKT،:ALL_ITER،:C_C_BRCKT،:ITER_IF_R،:ALL_ITER،:C_C_BRCKT،:S],FN_PR=CT FN_PRE
.  ,[:CT،:FN_PRE،:C_BRCKT،:ALL_ITER،:C_C_BRCKT،:ITER_IF_R،:ALL_ITER،:C_C_BRCKT،:S],CT=ct_string
)    ,[:FN_PRE،:C_BRCKT،:ALL_ITER،:C_C_BRCKT،:ITER_IF_R،:ALL_ITER،:C_C_BRCKT،:S],FN_PRE=epsilon
seq  ,[:ALL_ITER،:C_C_BRCKT،:ITER_IF_R،:ALL_ITER،:C_C_BRCKT،:S],ALL_ITER=FCALL_OR_ATRIB ALL_ITER
seq  ,[:FCALL_OR_ATRIB،:ALL_ITER،:C_C_BRCKT،:ITER_IF_R،:ALL_ITER،:C_C_BRCKT،:S],FCALL_OR_ATRIB=ID_OR_VEC FCALL_OR_ATRIB_F
seq  ,[:ID_OR_VEC،:FCALL_OR_ATRIB_F،:ALL_ITER،:C_C_BRCKT،:ITER_IF_R،:ALL_ITER،:C_C_BRCKT،:S],ID_OR_VEC=id VEC_INDX
=    ,[:VEC_INDX،:FCALL_OR_ATRIB_F،:ALL_ITER،:C_C_BRCKT،:ITER_IF_R،:ALL_ITER،:C_C_BRCKT،:S],VEC_INDX=epsilon
=    ,[:FCALL_OR_ATRIB_F،:ALL_ITER،:C_C_BRCKT،:ITER_IF_R،:ALL_ITER،:C_C_BRCKT،:S],FCALL_OR_ATRIB_F=ATRIB
=    ,[:ATRIB،:ALL_ITER،:C_C_BRCKT،:ITER_IF_R،:ALL_ITER،:C_C_BRCKT،:S],ATRIB=opr_atr EXPR_NUM
sequence,[:EXPR_NUM،:ALL_ITER،:C_C_BRCKT،:ITER_IF_R،:ALL_ITER،:C_C_BRCKT،:S],EXPR_NUM=EXPR_NUM_K EXPR_NUM_KR
sequence,[:EXPR_NUM_K،:EXPR_NUM_KR،:ALL_ITER،:C_C_BRCKT،:ITER_IF_R،:ALL_ITER،:C_C_BRCKT،:S],EXPR_NUM_K=EXPR_NUM_G EXPR_NUM_KH
sequence,[:EXPR_NUM_G،:EXPR_NUM_KH،:EXPR_NUM_KR،:ALL_ITER،:C_C_BRCKT،:ITER_IF_R،:ALL_ITER،:C_C_BRCKT،:S],EXPR_NUM_G=ID_OR_VEC
sequence,[:ID_OR_VEC،:EXPR_NUM_KH،:EXPR_NUM_KR،:ALL_ITER،:C_C_BRCKT،:ITER_IF_R،:ALL_ITER،:C_C_BRCKT،:S],ID_OR_VEC=id VEC_INDX
::   ,[:VEC_INDX،:EXPR_NUM_KH،:EXPR_NUM_KR،:ALL_ITER،:C_C_BRCKT،:ITER_IF_R،:ALL_ITER،:C_C_BRCKT،:S],VEC_INDX=vec_in VEC_INDX_F
1    ,[:VEC_INDX_F،:EXPR_NUM_KH،:EXPR_NUM_KR،:ALL_ITER،:C_C_BRCKT،:ITER_IF_R،:ALL_ITER،:C_C_BRCKT،:S],VEC_INDX_F=INT_OR_ID
1    ,[:INT_OR_ID،:EXPR_NUM_KH،:EXPR_NUM_KR،:ALL_ITER،:C_C_BRCKT،:ITER_IF_R،:ALL_ITER،:C_C_BRCKT،:S],INT_OR_ID=ct_int
print,[:EXPR_NUM_KH،:EXPR_NUM_KR،:ALL_ITER،:C_C_BRCKT،:ITER_IF_R،:ALL_ITER،:C_C_BRCKT،:S],EXPR_NUM_KH=epsilon
print,[:EXPR_NUM_KR،:ALL_ITER،:C_C_BRCKT،:ITER_IF_R،:ALL_ITER،:C_C_BRCKT،:S],EXPR_NUM_KR=epsilon
print,[:ALL_ITER،:C_C_BRCKT،:ITER_IF_R،:ALL_ITER،:C_C_BRCKT،:S],ALL_ITER=FCALL_OR_ATRIB ALL_ITER
print,[:FCALL_OR_ATRIB،:ALL_ITER،:C_C_BRCKT،:ITER_IF_R،:ALL_ITER،:C_C_BRCKT،:S],FCALL_OR_ATRIB=ID_OR_VEC FCALL_OR_ATRIB_F
print,[:ID_OR_VEC،:FCALL_OR_ATRIB_F،:ALL_ITER،:C_C_BRCKT،:ITER_IF_R،:ALL_ITER،:C_C_BRCKT،:S],ID_OR_VEC=id VEC_INDX
(    ,[:VEC_INDX،:FCALL_OR_ATRIB_F،:ALL_ITER،:C_C_BRCKT،:ITER_IF_R،:ALL_ITER،:C_C_BRCKT،:S],VEC_INDX=epsilon
(    ,[:FCALL_OR_ATRIB_F،:ALL_ITER،:C_C_BRCKT،:ITER_IF_R،:ALL_ITER،:C_C_BRCKT،:S],FCALL_OR_ATRIB_F=FN_CH
(    ,[:FN_CH،:ALL_ITER،:C_C_BRCKT،:ITER_IF_R،:ALL_ITER،:C_C_BRCKT،:S],FN_CH=o_brckt FN_CHP
seq  ,[:FN_CHP،:ALL_ITER،:C_C_BRCKT،:ITER_IF_R،:ALL_ITER،:C_C_BRCKT،:S],FN_CHP=FN_PR c_brckt
seq  ,[:FN_PR،:C_BRCKT،:ALL_ITER،:C_C_BRCKT،:ITER_IF_R،:ALL_ITER،:C_C_BRCKT،:S],FN_PR=id FN_PRE
)    ,[:FN_PRE،:C_BRCKT،:ALL_ITER،:C_C_BRCKT،:ITER_IF_R،:ALL_ITER،:C_C_BRCKT،:S],FN_PRE=epsilon
int  ,[:ALL_ITER،:C_C_BRCKT،:ITER_IF_R،:ALL_ITER،:C_C_BRCKT،:S],ALL_ITER=VAR_DCLR ALL_ITER
int  ,[:VAR_DCLR،:ALL_ITER،:C_C_BRCKT،:ITER_IF_R،:ALL_ITER،:C_C_BRCKT،:S],VAR_DCLR=IDT_TYPE ID_OR_VEC opr_atr DATA
int  ,[:IDT_TYPE،:ID_OR_VEC،:OPR_ATR،:DATA،:ALL_ITER،:C_C_BRCKT،:ITER_IF_R،:ALL_ITER،:C_C_BRCKT،:S],IDT_TYPE=idt_int
i    ,[:ID_OR_VEC،:OPR_ATR،:DATA،:ALL_ITER،:C_C_BRCKT،:ITER_IF_R،:ALL_ITER،:C_C_BRCKT،:S],ID_OR_VEC=id VEC_INDX
=    ,[:VEC_INDX،:OPR_ATR،:DATA،:ALL_ITER،:C_C_BRCKT،:ITER_IF_R،:ALL_ITER،:C_C_BRCKT،:S],VEC_INDX=epsilon
2    ,[:DATA،:ALL_ITER،:C_C_BRCKT،:ITER_IF_R،:ALL_ITER،:C_C_BRCKT،:S],DATA=CT
2    ,[:CT،:ALL_ITER،:C_C_BRCKT،:ITER_IF_R،:ALL_ITER،:C_C_BRCKT،:S],CT=ct_int
while,[:ALL_ITER،:C_C_BRCKT،:ITER_IF_R،:ALL_ITER،:C_C_BRCKT،:S],ALL_ITER=ITER_WHILE ALL_ITER
while,[:ITER_WHILE،:ALL_ITER،:C_C_BRCKT،:ITER_IF_R،:ALL_ITER،:C_C_BRCKT،:S],ITER_WHILE=while o_brckt EXPR_BOOL o_brckt o_c_brckt ALL_ITER c_c_brckt
i    ,[:EXPR_BOOL،:O_BRCKT،:O_C_BRCKT،:ALL_ITER،:C_C_BRCKT،:ALL_ITER،:C_C_BRCKT،:ITER_IF_R،:ALL_ITER،:C_C_BRCKT،:S],EXPR_BOOL=EXPR_BOOL_T EXPR_BOOL_H
i    ,[:EXPR_BOOL_T،:EXPR_BOOL_H،:O_BRCKT،:O_C_BRCKT،:ALL_ITER،:C_C_BRCKT،:ALL_ITER،:C_C_BRCKT،:ITER_IF_R،:ALL_ITER،:C_C_BRCKT،:S],EXPR_BOOL_T=EXPR_BOOL_F EXPR_BOOL_TH
i    ,[:EXPR_BOOL_F،:EXPR_BOOL_TH،:EXPR_BOOL_H،:O_BRCKT،:O_C_BRCKT،:ALL_ITER،:C_C_BRCKT،:ALL_ITER،:C_C_BRCKT،:ITER_IF_R،:ALL_ITER،:C_C_B,EXPR_BOOL_F=FN_H_BOOL OPRLR_EQQ_REL EXPR_NUM
i    ,[:FN_H_BOOL،:OPRLR_EQQ_REL،:EXPR_NUM،:EXPR_BOOL_TH،:EXPR_BOOL_H،:O_BRCKT،:O_C_BRCKT،:ALL_ITER،:C_C_BRCKT،:ALL_ITER،:C_C_BRCKT،:ITE,FN_H_BOOL=id FN_H_BOOL_V
<    ,[:FN_H_BOOL_V،:OPRLR_EQQ_REL،:EXPR_NUM،:EXPR_BOOL_TH،:EXPR_BOOL_H،:O_BRCKT،:O_C_BRCKT،:ALL_ITER،:C_C_BRCKT،:ALL_ITER،:C_C_BRCKT،:I,FN_H_BOOL_V=epsilon
<    ,[:OPRLR_EQQ_REL،:EXPR_NUM،:EXPR_BOOL_TH،:EXPR_BOOL_H،:O_BRCKT،:O_C_BRCKT،:ALL_ITER،:C_C_BRCKT،:ALL_ITER،:C_C_BRCKT،:ITER_IF_R،:ALL,OPRLR_EQQ_REL=oprlr_rel
n    ,[:EXPR_NUM،:EXPR_BOOL_TH،:EXPR_BOOL_H،:O_BRCKT،:O_C_BRCKT،:ALL_ITER،:C_C_BRCKT،:ALL_ITER،:C_C_BRCKT،:ITER_IF_R،:ALL_ITER،:C_C_BRCK,EXPR_NUM=EXPR_NUM_K EXPR_NUM_KR
n    ,[:EXPR_NUM_K،:EXPR_NUM_KR،:EXPR_BOOL_TH،:EXPR_BOOL_H،:O_BRCKT،:O_C_BRCKT،:ALL_ITER،:C_C_BRCKT،:ALL_ITER،:C_C_BRCKT،:ITER_IF_R،:ALL,EXPR_NUM_K=EXPR_NUM_G EXPR_NUM_KH
n    ,[:EXPR_NUM_G،:EXPR_NUM_KH،:EXPR_NUM_KR،:EXPR_BOOL_TH،:EXPR_BOOL_H،:O_BRCKT،:O_C_BRCKT،:ALL_ITER،:C_C_BRCKT،:ALL_ITER،:C_C_BRCKT،:I,EXPR_NUM_G=ID_OR_VEC
n    ,[:ID_OR_VEC،:EXPR_NUM_KH،:EXPR_NUM_KR،:EXPR_BOOL_TH،:EXPR_BOOL_H،:O_BRCKT،:O_C_BRCKT،:ALL_ITER،:C_C_BRCKT،:ALL_ITER،:C_C_BRCKT،:IT,ID_OR_VEC=id VEC_INDX
)    ,[:VEC_INDX،:EXPR_NUM_KH،:EXPR_NUM_KR،:EXPR_BOOL_TH،:EXPR_BOOL_H،:O_BRCKT،:O_C_BRCKT،:ALL_ITER،:C_C_BRCKT،:ALL_ITER،:C_C_BRCKT،:ITE,VEC_INDX=epsilon
)    ,[:EXPR_NUM_KH،:EXPR_NUM_KR،:EXPR_BOOL_TH،:EXPR_BOOL_H،:O_BRCKT،:O_C_BRCKT،:ALL_ITER،:C_C_BRCKT،:ALL_ITER،:C_C_BRCKT،:ITER_IF_R،:AL,EXPR_NUM_KH=epsilon
)    ,[:EXPR_NUM_KR،:EXPR_BOOL_TH،:EXPR_BOOL_H،:O_BRCKT،:O_C_BRCKT،:ALL_ITER،:C_C_BRCKT،:ALL_ITER،:C_C_BRCKT،:ITER_IF_R،:ALL_ITER،:C_C_B,EXPR_NUM_KR=epsilon
)    ,[:EXPR_BOOL_TH،:EXPR_BOOL_H،:O_BRCKT،:O_C_BRCKT،:ALL_ITER،:C_C_BRCKT،:ALL_ITER،:C_C_BRCKT،:ITER_IF_R،:ALL_ITER،:C_C_BRCKT،:S],EXPR_BOOL_TH=epsilon
)    ,[:EXPR_BOOL_H،:O_BRCKT،:O_C_BRCKT،:ALL_ITER،:C_C_BRCKT،:ALL_ITER،:C_C_BRCKT،:ITER_IF_R،:ALL_ITER،:C_C_BRCKT،:S],EXPR_BOOL_H=epsilon
m1   ,[:ALL_ITER،:C_C_BRCKT،:ALL_ITER،:C_C_BRCKT،:ITER_IF_R،:ALL_ITER،:C_C_BRCKT،:S],ALL_ITER=FCALL_OR_ATRIB ALL_ITER
m1   ,[:FCALL_OR_ATRIB،:ALL_ITER،:C_C_BRCKT،:ALL_ITER،:C_C_BRCKT،:ITER_IF_R،:ALL_ITER،:C_C_BRCKT،:S],FCALL_OR_ATRIB=ID_OR_VEC FCALL_OR_ATRIB_F
m1   ,[:ID_OR_VEC،:FCALL_OR_ATRIB_F،:ALL_ITER،:C_C_BRCKT،:ALL_ITER،:C_C_BRCKT،:ITER_IF_R،:ALL_ITER،:C_C_BRCKT،:S],ID_OR_VEC=id VEC_INDX
=    ,[:VEC_INDX،:FCALL_OR_ATRIB_F،:ALL_ITER،:C_C_BRCKT،:ALL_ITER،:C_C_BRCKT،:ITER_IF_R،:ALL_ITER،:C_C_BRCKT،:S],VEC_INDX=epsilon
=    ,[:FCALL_OR_ATRIB_F،:ALL_ITER،:C_C_BRCKT،:ALL_ITER،:C_C_BRCKT،:ITER_IF_R،:ALL_ITER،:C_C_BRCKT،:S],FCALL_OR_ATRIB_F=ATRIB
=    ,[:ATRIB،:ALL_ITER،:C_C_BRCKT،:ALL_ITER،:C_C_BRCKT،:ITER_IF_R،:ALL_ITER،:C_C_BRCKT،:S],ATRIB=opr_atr EXPR_NUM
(    ,[:EXPR_NUM،:ALL_ITER،:C_C_BRCKT،:ALL_ITER،:C_C_BRCKT،:ITER_IF_R،:ALL_ITER،:C_C_BRCKT،:S],EXPR_NUM=EXPR_NUM_K EXPR_NUM_KR
(    ,[:EXPR_NUM_K،:EXPR_NUM_KR،:ALL_ITER،:C_C_BRCKT،:ALL_ITER،:C_C_BRCKT،:ITER_IF_R،:ALL_ITER،:C_C_BRCKT،:S],EXPR_NUM_K=EXPR_NUM_G EXPR_NUM_KH
(    ,[:EXPR_NUM_G،:EXPR_NUM_KH،:EXPR_NUM_KR،:ALL_ITER،:C_C_BRCKT،:ALL_ITER،:C_C_BRCKT،:ITER_IF_R،:ALL_ITER،:C_C_BRCKT،:S],EXPR_NUM_G=o_brckt EXPR_NUM c_brckt
i    ,[:EXPR_NUM،:C_BRCKT،:EXPR_NUM_KH،:EXPR_NUM_KR،:ALL_ITER،:C_C_BRCKT،:ALL_ITER،:C_C_BRCKT،:ITER_IF_R،:ALL_ITER،:C_C_BRCKT،:S],EXPR_NUM=EXPR_NUM_K EXPR_NUM_KR
i    ,[:EXPR_NUM_K،:EXPR_NUM_KR،:C_BRCKT،:EXPR_NUM_KH،:EXPR_NUM_KR،:ALL_ITER،:C_C_BRCKT،:ALL_ITER،:C_C_BRCKT،:ITER_IF_R،:ALL_ITER،:C_C_B,EXPR_NUM_K=EXPR_NUM_G EXPR_NUM_KH
i    ,[:EXPR_NUM_G،:EXPR_NUM_KH،:EXPR_NUM_KR،:C_BRCKT،:EXPR_NUM_KH،:EXPR_NUM_KR،:ALL_ITER،:C_C_BRCKT،:ALL_ITER،:C_C_BRCKT،:ITER_IF_R،:AL,EXPR_NUM_G=ID_OR_VEC
i    ,[:ID_OR_VEC،:EXPR_NUM_KH،:EXPR_NUM_KR،:C_BRCKT،:EXPR_NUM_KH،:EXPR_NUM_KR،:ALL_ITER،:C_C_BRCKT،:ALL_ITER،:C_C_BRCKT،:ITER_IF_R،:ALL,ID_OR_VEC=id VEC_INDX
-    ,[:VEC_INDX،:EXPR_NUM_KH،:EXPR_NUM_KR،:C_BRCKT،:EXPR_NUM_KH،:EXPR_NUM_KR،:ALL_ITER،:C_C_BRCKT،:ALL_ITER،:C_C_BRCKT،:ITER_IF_R،:ALL_,VEC_INDX=epsilon
-    ,[:EXPR_NUM_KH،:EXPR_NUM_KR،:C_BRCKT،:EXPR_NUM_KH،:EXPR_NUM_KR،:ALL_ITER،:C_C_BRCKT،:ALL_ITER،:C_C_BRCKT،:ITER_IF_R،:ALL_ITER،:C_C_,EXPR_NUM_KH=epsilon
-    ,[:EXPR_NUM_KR،:C_BRCKT،:EXPR_NUM_KH،:EXPR_NUM_KR،:ALL_ITER،:C_C_BRCKT،:ALL_ITER،:C_C_BRCKT،:ITER_IF_R،:ALL_ITER،:C_C_BRCKT،:S],EXPR_NUM_KR=opr_pm EXPR_NUM
1    ,[:EXPR_NUM،:C_BRCKT،:EXPR_NUM_KH،:EXPR_NUM_KR،:ALL_ITER،:C_C_BRCKT،:ALL_ITER،:C_C_BRCKT،:ITER_IF_R،:ALL_ITER،:C_C_BRCKT،:S],EXPR_NUM=EXPR_NUM_K EXPR_NUM_KR
1    ,[:EXPR_NUM_K،:EXPR_NUM_KR،:C_BRCKT،:EXPR_NUM_KH،:EXPR_NUM_KR،:ALL_ITER،:C_C_BRCKT،:ALL_ITER،:C_C_BRCKT،:ITER_IF_R،:ALL_ITER،:C_C_B,EXPR_NUM_K=EXPR_NUM_G EXPR_NUM_KH
1    ,[:EXPR_NUM_G،:EXPR_NUM_KH،:EXPR_NUM_KR،:C_BRCKT،:EXPR_NUM_KH،:EXPR_NUM_KR،:ALL_ITER،:C_C_BRCKT،:ALL_ITER،:C_C_BRCKT،:ITER_IF_R،:AL,EXPR_NUM_G=ct_int
)    ,[:EXPR_NUM_KH،:EXPR_NUM_KR،:C_BRCKT،:EXPR_NUM_KH،:EXPR_NUM_KR،:ALL_ITER،:C_C_BRCKT،:ALL_ITER،:C_C_BRCKT،:ITER_IF_R،:ALL_ITER،:C_C_,EXPR_NUM_KH=epsilon
)    ,[:EXPR_NUM_KR،:C_BRCKT،:EXPR_NUM_KH،:EXPR_NUM_KR،:ALL_ITER،:C_C_BRCKT،:ALL_ITER،:C_C_BRCKT،:ITER_IF_R،:ALL_ITER،:C_C_BRCKT،:S],EXPR_NUM_KR=epsilon
m2   ,[:EXPR_NUM_KH،:EXPR_NUM_KR،:ALL_ITER،:C_C_BRCKT،:ALL_ITER،:C_C_BRCKT،:ITER_IF_R،:ALL_ITER،:C_C_BRCKT،:S],EXPR_NUM_KH=epsilon
m2   ,[:EXPR_NUM_KR،:ALL_ITER،:C_C_BRCKT،:ALL_ITER،:C_C_BRCKT،:ITER_IF_R،:ALL_ITER،:C_C_BRCKT،:S],EXPR_NUM_KR=epsilon
m2   ,[:ALL_ITER،:C_C_BRCKT،:ALL_ITER،:C_C_BRCKT،:ITER_IF_R،:ALL_ITER،:C_C_BRCKT،:S],ALL_ITER=FCALL_OR_ATRIB ALL_ITER
m2   ,[:FCALL_OR_ATRIB،:ALL_ITER،:C_C_BRCKT،:ALL_ITER،:C_C_BRCKT،:ITER_IF_R،:ALL_ITER،:C_C_BRCKT،:S],FCALL_OR_ATRIB=ID_OR_VEC FCALL_OR_ATRIB_F
m2   ,[:ID_OR_VEC،:FCALL_OR_ATRIB_F،:ALL_ITER،:C_C_BRCKT،:ALL_ITER،:C_C_BRCKT،:ITER_IF_R،:ALL_ITER،:C_C_BRCKT،:S],ID_OR_VEC=id VEC_INDX
=    ,[:VEC_INDX،:FCALL_OR_ATRIB_F،:ALL_ITER،:C_C_BRCKT،:ALL_ITER،:C_C_BRCKT،:ITER_IF_R،:ALL_ITER،:C_C_BRCKT،:S],VEC_INDX=epsilon
=    ,[:FCALL_OR_ATRIB_F،:ALL_ITER،:C_C_BRCKT،:ALL_ITER،:C_C_BRCKT،:ITER_IF_R،:ALL_ITER،:C_C_BRCKT،:S],FCALL_OR_ATRIB_F=ATRIB
=    ,[:ATRIB،:ALL_ITER،:C_C_BRCKT،:ALL_ITER،:C_C_BRCKT،:ITER_IF_R،:ALL_ITER،:C_C_BRCKT،:S],ATRIB=opr_atr EXPR_NUM
(    ,[:EXPR_NUM،:ALL_ITER،:C_C_BRCKT،:ALL_ITER،:C_C_BRCKT،:ITER_IF_R،:ALL_ITER،:C_C_BRCKT،:S],EXPR_NUM=EXPR_NUM_K EXPR_NUM_KR
(    ,[:EXPR_NUM_K،:EXPR_NUM_KR،:ALL_ITER،:C_C_BRCKT،:ALL_ITER،:C_C_BRCKT،:ITER_IF_R،:ALL_ITER،:C_C_BRCKT،:S],EXPR_NUM_K=EXPR_NUM_G EXPR_NUM_KH
(    ,[:EXPR_NUM_G،:EXPR_NUM_KH،:EXPR_NUM_KR،:ALL_ITER،:C_C_BRCKT،:ALL_ITER،:C_C_BRCKT،:ITER_IF_R،:ALL_ITER،:C_C_BRCKT،:S],EXPR_NUM_G=o_brckt EXPR_NUM c_brckt
i    ,[:EXPR_NUM،:C_BRCKT،:EXPR_NUM_KH،:EXPR_NUM_KR،:ALL_ITER،:C_C_BRCKT،:ALL_ITER،:C_C_BRCKT،:ITER_IF_R،:ALL_ITER،:C_C_BRCKT،:S],EXPR_NUM=EXPR_NUM_K EXPR_NUM_KR
i    ,[:EXPR_NUM_K،:EXPR_NUM_KR،:C_BRCKT،:EXPR_NUM_KH،:EXPR_NUM_KR،:ALL_ITER،:C_C_BRCKT،:ALL_ITER،:C_C_BRCKT،:ITER_IF_R،:ALL_ITER،:C_C_B,EXPR_NUM_K=EXPR_NUM_G EXPR_NUM_KH
i    ,[:EXPR_NUM_G،:EXPR_NUM_KH،:EXPR_NUM_KR،:C_BRCKT،:EXPR_NUM_KH،:EXPR_NUM_KR،:ALL_ITER،:C_C_BRCKT،:ALL_ITER،:C_C_BRCKT،:ITER_IF_R،:AL,EXPR_NUM_G=ID_OR_VEC
i    ,[:ID_OR_VEC،:EXPR_NUM_KH،:EXPR_NUM_KR،:C_BRCKT،:EXPR_NUM_KH،:EXPR_NUM_KR،:ALL_ITER،:C_C_BRCKT،:ALL_ITER،:C_C_BRCKT،:ITER_IF_R،:ALL,ID_OR_VEC=id VEC_INDX
-    ,[:VEC_INDX،:EXPR_NUM_KH،:EXPR_NUM_KR،:C_BRCKT،:EXPR_NUM_KH،:EXPR_NUM_KR،:ALL_ITER،:C_C_BRCKT،:ALL_ITER،:C_C_BRCKT،:ITER_IF_R،:ALL_,VEC_INDX=epsilon
-    ,[:EXPR_NUM_KH،:EXPR_NUM_KR،:C_BRCKT،:EXPR_NUM_KH،:EXPR_NUM_KR،:ALL_ITER،:C_C_BRCKT،:ALL_ITER،:C_C_BRCKT،:ITER_IF_R،:ALL_ITER،:C_C_,EXPR_NUM_KH=epsilon
-    ,[:EXPR_NUM_KR،:C_BRCKT،:EXPR_NUM_KH،:EXPR_NUM_KR،:ALL_ITER،:C_C_BRCKT،:ALL_ITER،:C_C_BRCKT،:ITER_IF_R،:ALL_ITER،:C_C_BRCKT،:S],EXPR_NUM_KR=opr_pm EXPR_NUM
2    ,[:EXPR_NUM،:C_BRCKT،:EXPR_NUM_KH،:EXPR_NUM_KR،:ALL_ITER،:C_C_BRCKT،:ALL_ITER،:C_C_BRCKT،:ITER_IF_R،:ALL_ITER،:C_C_BRCKT،:S],EXPR_NUM=EXPR_NUM_K EXPR_NUM_KR
2    ,[:EXPR_NUM_K،:EXPR_NUM_KR،:C_BRCKT،:EXPR_NUM_KH،:EXPR_NUM_KR،:ALL_ITER،:C_C_BRCKT،:ALL_ITER،:C_C_BRCKT،:ITER_IF_R،:ALL_ITER،:C_C_B,EXPR_NUM_K=EXPR_NUM_G EXPR_NUM_KH
2    ,[:EXPR_NUM_G،:EXPR_NUM_KH،:EXPR_NUM_KR،:C_BRCKT،:EXPR_NUM_KH،:EXPR_NUM_KR،:ALL_ITER،:C_C_BRCKT،:ALL_ITER،:C_C_BRCKT،:ITER_IF_R،:AL,EXPR_NUM_G=ct_int
)    ,[:EXPR_NUM_KH،:EXPR_NUM_KR،:C_BRCKT،:EXPR_NUM_KH،:EXPR_NUM_KR،:ALL_ITER،:C_C_BRCKT،:ALL_ITER،:C_C_BRCKT،:ITER_IF_R،:ALL_ITER،:C_C_,EXPR_NUM_KH=epsilon
)    ,[:EXPR_NUM_KR،:C_BRCKT،:EXPR_NUM_KH،:EXPR_NUM_KR،:ALL_ITER،:C_C_BRCKT،:ALL_ITER،:C_C_BRCKT،:ITER_IF_R،:ALL_ITER،:C_C_BRCKT،:S],EXPR_NUM_KR=epsilon
sequence,[:EXPR_NUM_KH،:EXPR_NUM_KR،:ALL_ITER،:C_C_BRCKT،:ALL_ITER،:C_C_BRCKT،:ITER_IF_R،:ALL_ITER،:C_C_BRCKT،:S],EXPR_NUM_KH=epsilon
sequence,[:EXPR_NUM_KR،:ALL_ITER،:C_C_BRCKT،:ALL_ITER،:C_C_BRCKT،:ITER_IF_R،:ALL_ITER،:C_C_BRCKT،:S],EXPR_NUM_KR=epsilon
sequence,[:ALL_ITER،:C_C_BRCKT،:ALL_ITER،:C_C_BRCKT،:ITER_IF_R،:ALL_ITER،:C_C_BRCKT،:S],ALL_ITER=FCALL_OR_ATRIB ALL_ITER
sequence,[:FCALL_OR_ATRIB،:ALL_ITER،:C_C_BRCKT،:ALL_ITER،:C_C_BRCKT،:ITER_IF_R،:ALL_ITER،:C_C_BRCKT،:S],FCALL_OR_ATRIB=ID_OR_VEC FCALL_OR_ATRIB_F
sequence,[:ID_OR_VEC،:FCALL_OR_ATRIB_F،:ALL_ITER،:C_C_BRCKT،:ALL_ITER،:C_C_BRCKT،:ITER_IF_R،:ALL_ITER،:C_C_BRCKT،:S],ID_OR_VEC=id VEC_INDX
::   ,[:VEC_INDX،:FCALL_OR_ATRIB_F،:ALL_ITER،:C_C_BRCKT،:ALL_ITER،:C_C_BRCKT،:ITER_IF_R،:ALL_ITER،:C_C_BRCKT،:S],VEC_INDX=vec_in VEC_INDX_F
i    ,[:VEC_INDX_F،:FCALL_OR_ATRIB_F،:ALL_ITER،:C_C_BRCKT،:ALL_ITER،:C_C_BRCKT،:ITER_IF_R،:ALL_ITER،:C_C_BRCKT،:S],VEC_INDX_F=INT_OR_ID
i    ,[:INT_OR_ID،:FCALL_OR_ATRIB_F،:ALL_ITER،:C_C_BRCKT،:ALL_ITER،:C_C_BRCKT،:ITER_IF_R،:ALL_ITER،:C_C_BRCKT،:S],INT_OR_ID=id
=    ,[:FCALL_OR_ATRIB_F،:ALL_ITER،:C_C_BRCKT،:ALL_ITER،:C_C_BRCKT،:ITER_IF_R،:ALL_ITER،:C_C_BRCKT،:S],FCALL_OR_ATRIB_F=ATRIB
=    ,[:ATRIB،:ALL_ITER،:C_C_BRCKT،:ALL_ITER،:C_C_BRCKT،:ITER_IF_R،:ALL_ITER،:C_C_BRCKT،:S],ATRIB=opr_atr EXPR_NUM
sequence,[:EXPR_NUM،:ALL_ITER،:C_C_BRCKT،:ALL_ITER،:C_C_BRCKT،:ITER_IF_R،:ALL_ITER،:C_C_BRCKT،:S],EXPR_NUM=EXPR_NUM_K EXPR_NUM_KR
sequence,[:EXPR_NUM_K،:EXPR_NUM_KR،:ALL_ITER،:C_C_BRCKT،:ALL_ITER،:C_C_BRCKT،:ITER_IF_R،:ALL_ITER،:C_C_BRCKT،:S],EXPR_NUM_K=EXPR_NUM_G EXPR_NUM_KH
sequence,[:EXPR_NUM_G،:EXPR_NUM_KH،:EXPR_NUM_KR،:ALL_ITER،:C_C_BRCKT،:ALL_ITER،:C_C_BRCKT،:ITER_IF_R،:ALL_ITER،:C_C_BRCKT،:S],EXPR_NUM_G=ID_OR_VEC
sequence,[:ID_OR_VEC،:EXPR_NUM_KH،:EXPR_NUM_KR،:ALL_ITER،:C_C_BRCKT،:ALL_ITER،:C_C_BRCKT،:ITER_IF_R،:ALL_ITER،:C_C_BRCKT،:S],ID_OR_VEC=id VEC_INDX
::   ,[:VEC_INDX،:EXPR_NUM_KH،:EXPR_NUM_KR،:ALL_ITER،:C_C_BRCKT،:ALL_ITER،:C_C_BRCKT،:ITER_IF_R،:ALL_ITER،:C_C_BRCKT،:S],VEC_INDX=vec_in VEC_INDX_F
m1   ,[:VEC_INDX_F،:EXPR_NUM_KH،:EXPR_NUM_KR،:ALL_ITER،:C_C_BRCKT،:ALL_ITER،:C_C_BRCKT،:ITER_IF_R،:ALL_ITER،:C_C_BRCKT،:S],VEC_INDX_F=INT_OR_ID
m1   ,[:INT_OR_ID،:EXPR_NUM_KH،:EXPR_NUM_KR،:ALL_ITER،:C_C_BRCKT،:ALL_ITER،:C_C_BRCKT،:ITER_IF_R،:ALL_ITER،:C_C_BRCKT،:S],INT_OR_ID=id
+    ,[:EXPR_NUM_KH،:EXPR_NUM_KR،:ALL_ITER،:C_C_BRCKT،:ALL_ITER،:C_C_BRCKT،:ITER_IF_R،:ALL_ITER،:C_C_BRCKT،:S],EXPR_NUM_KH=epsilon
+    ,[:EXPR_NUM_KR،:ALL_ITER،:C_C_BRCKT،:ALL_ITER،:C_C_BRCKT،:ITER_IF_R،:ALL_ITER،:C_C_BRCKT،:S],EXPR_NUM_KR=opr_pm EXPR_NUM
sequence,[:EXPR_NUM،:ALL_ITER،:C_C_BRCKT،:ALL_ITER،:C_C_BRCKT،:ITER_IF_R،:ALL_ITER،:C_C_BRCKT،:S],EXPR_NUM=EXPR_NUM_K EXPR_NUM_KR
sequence,[:EXPR_NUM_K،:EXPR_NUM_KR،:ALL_ITER،:C_C_BRCKT،:ALL_ITER،:C_C_BRCKT،:ITER_IF_R،:ALL_ITER،:C_C_BRCKT،:S],EXPR_NUM_K=EXPR_NUM_G EXPR_NUM_KH
sequence,[:EXPR_NUM_G،:EXPR_NUM_KH،:EXPR_NUM_KR،:ALL_ITER،:C_C_BRCKT،:ALL_ITER،:C_C_BRCKT،:ITER_IF_R،:ALL_ITER،:C_C_BRCKT،:S],EXPR_NUM_G=ID_OR_VEC
sequence,[:ID_OR_VEC،:EXPR_NUM_KH،:EXPR_NUM_KR،:ALL_ITER،:C_C_BRCKT،:ALL_ITER،:C_C_BRCKT،:ITER_IF_R،:ALL_ITER،:C_C_BRCKT،:S],ID_OR_VEC=id VEC_INDX
::   ,[:VEC_INDX،:EXPR_NUM_KH،:EXPR_NUM_KR،:ALL_ITER،:C_C_BRCKT،:ALL_ITER،:C_C_BRCKT،:ITER_IF_R،:ALL_ITER،:C_C_BRCKT،:S],VEC_INDX=vec_in VEC_INDX_F
m2   ,[:VEC_INDX_F،:EXPR_NUM_KH،:EXPR_NUM_KR،:ALL_ITER،:C_C_BRCKT،:ALL_ITER،:C_C_BRCKT،:ITER_IF_R،:ALL_ITER،:C_C_BRCKT،:S],VEC_INDX_F=INT_OR_ID
m2   ,[:INT_OR_ID،:EXPR_NUM_KH،:EXPR_NUM_KR،:ALL_ITER،:C_C_BRCKT،:ALL_ITER،:C_C_BRCKT،:ITER_IF_R،:ALL_ITER،:C_C_BRCKT،:S],INT_OR_ID=id
print,[:EXPR_NUM_KH،:EXPR_NUM_KR،:ALL_ITER،:C_C_BRCKT،:ALL_ITER،:C_C_BRCKT،:ITER_IF_R،:ALL_ITER،:C_C_BRCKT،:S],EXPR_NUM_KH=epsilon
print,[:EXPR_NUM_KR،:ALL_ITER،:C_C_BRCKT،:ALL_ITER،:C_C_BRCKT،:ITER_IF_R،:ALL_ITER،:C_C_BRCKT،:S],EXPR_NUM_KR=epsilon
print,[:ALL_ITER،:C_C_BRCKT،:ALL_ITER،:C_C_BRCKT،:ITER_IF_R،:ALL_ITER،:C_C_BRCKT،:S],ALL_ITER=FCALL_OR_ATRIB ALL_ITER
print,[:FCALL_OR_ATRIB،:ALL_ITER،:C_C_BRCKT،:ALL_ITER،:C_C_BRCKT،:ITER_IF_R،:ALL_ITER،:C_C_BRCKT،:S],FCALL_OR_ATRIB=ID_OR_VEC FCALL_OR_ATRIB_F
print,[:ID_OR_VEC،:FCALL_OR_ATRIB_F،:ALL_ITER،:C_C_BRCKT،:ALL_ITER،:C_C_BRCKT،:ITER_IF_R،:ALL_ITER،:C_C_BRCKT،:S],ID_OR_VEC=id VEC_INDX
(    ,[:VEC_INDX،:FCALL_OR_ATRIB_F،:ALL_ITER،:C_C_BRCKT،:ALL_ITER،:C_C_BRCKT،:ITER_IF_R،:ALL_ITER،:C_C_BRCKT،:S],VEC_INDX=epsilon
(    ,[:FCALL_OR_ATRIB_F،:ALL_ITER،:C_C_BRCKT،:ALL_ITER،:C_C_BRCKT،:ITER_IF_R،:ALL_ITER،:C_C_BRCKT،:S],FCALL_OR_ATRIB_F=FN_CH
(    ,[:FN_CH،:ALL_ITER،:C_C_BRCKT،:ALL_ITER،:C_C_BRCKT،:ITER_IF_R،:ALL_ITER،:C_C_BRCKT،:S],FN_CH=o_brckt FN_CHP
.  ,[:FN_CHP،:ALL_ITER،:C_C_BRCKT،:ALL_ITER،:C_C_BRCKT،:ITER_IF_R،:ALL_ITER،:C_C_BRCKT،:S],FN_CHP=FN_PR c_brckt
.  ,[:FN_PR،:C_BRCKT،:ALL_ITER،:C_C_BRCKT،:ALL_ITER،:C_C_BRCKT،:ITER_IF_R،:ALL_ITER،:C_C_BRCKT،:S],FN_PR=CT FN_PRE
.  ,[:CT،:FN_PRE،:C_BRCKT،:ALL_ITER،:C_C_BRCKT،:ALL_ITER،:C_C_BRCKT،:ITER_IF_R،:ALL_ITER،:C_C_BRCKT،:S],CT=ct_string
)    ,[:FN_PRE،:C_BRCKT،:ALL_ITER،:C_C_BRCKT،:ALL_ITER،:C_C_BRCKT،:ITER_IF_R،:ALL_ITER،:C_C_BRCKT،:S],FN_PRE=epsilon
out  ,[:ALL_ITER،:C_C_BRCKT،:ALL_ITER،:C_C_BRCKT،:ITER_IF_R،:ALL_ITER،:C_C_BRCKT،:S],ALL_ITER=FCALL_OR_ATRIB ALL_ITER
out  ,[:FCALL_OR_ATRIB،:ALL_ITER،:C_C_BRCKT،:ALL_ITER،:C_C_BRCKT،:ITER_IF_R،:ALL_ITER،:C_C_BRCKT،:S],FCALL_OR_ATRIB=ID_OR_VEC FCALL_OR_ATRIB_F
out  ,[:ID_OR_VEC،:FCALL_OR_ATRIB_F،:ALL_ITER،:C_C_BRCKT،:ALL_ITER،:C_C_BRCKT،:ITER_IF_R،:ALL_ITER،:C_C_BRCKT،:S],ID_OR_VEC=id VEC_INDX
=    ,[:VEC_INDX،:FCALL_OR_ATRIB_F،:ALL_ITER،:C_C_BRCKT،:ALL_ITER،:C_C_BRCKT،:ITER_IF_R،:ALL_ITER،:C_C_BRCKT،:S],VEC_INDX=epsilon
=    ,[:FCALL_OR_ATRIB_F،:ALL_ITER،:C_C_BRCKT،:ALL_ITER،:C_C_BRCKT،:ITER_IF_R،:ALL_ITER،:C_C_BRCKT،:S],FCALL_OR_ATRIB_F=ATRIB
=    ,[:ATRIB،:ALL_ITER،:C_C_BRCKT،:ALL_ITER،:C_C_BRCKT،:ITER_IF_R،:ALL_ITER،:C_C_BRCKT،:S],ATRIB=opr_atr EXPR_NUM
sequence,[:EXPR_NUM،:ALL_ITER،:C_C_BRCKT،:ALL_ITER،:C_C_BRCKT،:ITER_IF_R،:ALL_ITER،:C_C_BRCKT،:S],EXPR_NUM=EXPR_NUM_K EXPR_NUM_KR
sequence,[:EXPR_NUM_K،:EXPR_NUM_KR،:ALL_ITER،:C_C_BRCKT،:ALL_ITER،:C_C_BRCKT،:ITER_IF_R،:ALL_ITER،:C_C_BRCKT،:S],EXPR_NUM_K=EXPR_NUM_G EXPR_NUM_KH
sequence,[:EXPR_NUM_G،:EXPR_NUM_KH،:EXPR_NUM_KR،:ALL_ITER،:C_C_BRCKT،:ALL_ITER،:C_C_BRCKT،:ITER_IF_R،:ALL_ITER،:C_C_BRCKT،:S],EXPR_NUM_G=ID_OR_VEC
sequence,[:ID_OR_VEC،:EXPR_NUM_KH،:EXPR_NUM_KR،:ALL_ITER،:C_C_BRCKT،:ALL_ITER،:C_C_BRCKT،:ITER_IF_R،:ALL_ITER،:C_C_BRCKT،:S],ID_OR_VEC=id VEC_INDX
::   ,[:VEC_INDX،:EXPR_NUM_KH،:EXPR_NUM_KR،:ALL_ITER،:C_C_BRCKT،:ALL_ITER،:C_C_BRCKT،:ITER_IF_R،:ALL_ITER،:C_C_BRCKT،:S],VEC_INDX=vec_in VEC_INDX_F
i    ,[:VEC_INDX_F،:EXPR_NUM_KH،:EXPR_NUM_KR،:ALL_ITER،:C_C_BRCKT،:ALL_ITER،:C_C_BRCKT،:ITER_IF_R،:ALL_ITER،:C_C_BRCKT،:S],VEC_INDX_F=INT_OR_ID
i    ,[:INT_OR_ID،:EXPR_NUM_KH،:EXPR_NUM_KR،:ALL_ITER،:C_C_BRCKT،:ALL_ITER،:C_C_BRCKT،:ITER_IF_R،:ALL_ITER،:C_C_BRCKT،:S],INT_OR_ID=id
print,[:EXPR_NUM_KH،:EXPR_NUM_KR،:ALL_ITER،:C_C_BRCKT،:ALL_ITER،:C_C_BRCKT،:ITER_IF_R،:ALL_ITER،:C_C_BRCKT،:S],EXPR_NUM_KH=epsilon
print,[:EXPR_NUM_KR،:ALL_ITER،:C_C_BRCKT،:ALL_ITER،:C_C_BRCKT،:ITER_IF_R،:ALL_ITER،:C_C_BRCKT،:S],EXPR_NUM_KR=epsilon
print,[:ALL_ITER،:C_C_BRCKT،:ALL_ITER،:C_C_BRCKT،:ITER_IF_R،:ALL_ITER،:C_C_BRCKT،:S],ALL_ITER=FCALL_OR_ATRIB ALL_ITER
print,[:FCALL_OR_ATRIB،:ALL_ITER،:C_C_BRCKT،:ALL_ITER،:C_C_BRCKT،:ITER_IF_R،:ALL_ITER،:C_C_BRCKT،:S],FCALL_OR_ATRIB=ID_OR_VEC FCALL_OR_ATRIB_F
print,[:ID_OR_VEC،:FCALL_OR_ATRIB_F،:ALL_ITER،:C_C_BRCKT،:ALL_ITER،:C_C_BRCKT،:ITER_IF_R،:ALL_ITER،:C_C_BRCKT،:S],ID_OR_VEC=id VEC_INDX
(    ,[:VEC_INDX،:FCALL_OR_ATRIB_F،:ALL_ITER،:C_C_BRCKT،:ALL_ITER،:C_C_BRCKT،:ITER_IF_R،:ALL_ITER،:C_C_BRCKT،:S],VEC_INDX=epsilon
(    ,[:FCALL_OR_ATRIB_F،:ALL_ITER،:C_C_BRCKT،:ALL_ITER،:C_C_BRCKT،:ITER_IF_R،:ALL_ITER،:C_C_BRCKT،:S],FCALL_OR_ATRIB_F=FN_CH
(    ,[:FN_CH،:ALL_ITER،:C_C_BRCKT،:ALL_ITER،:C_C_BRCKT،:ITER_IF_R،:ALL_ITER،:C_C_BRCKT،:S],FN_CH=o_brckt FN_CHP
out  ,[:FN_CHP،:ALL_ITER،:C_C_BRCKT،:ALL_ITER،:C_C_BRCKT،:ITER_IF_R،:ALL_ITER،:C_C_BRCKT،:S],FN_CHP=FN_PR c_brckt
out  ,[:FN_PR،:C_BRCKT،:ALL_ITER،:C_C_BRCKT،:ALL_ITER،:C_C_BRCKT،:ITER_IF_R،:ALL_ITER،:C_C_BRCKT،:S],FN_PR=id FN_PRE
)    ,[:FN_PRE،:C_BRCKT،:ALL_ITER،:C_C_BRCKT،:ALL_ITER،:C_C_BRCKT،:ITER_IF_R،:ALL_ITER،:C_C_BRCKT،:S],FN_PRE=epsilon
i    ,[:ALL_ITER،:C_C_BRCKT،:ALL_ITER،:C_C_BRCKT،:ITER_IF_R،:ALL_ITER،:C_C_BRCKT،:S],ALL_ITER=FCALL_OR_ATRIB ALL_ITER
i    ,[:FCALL_OR_ATRIB،:ALL_ITER،:C_C_BRCKT،:ALL_ITER،:C_C_BRCKT،:ITER_IF_R،:ALL_ITER،:C_C_BRCKT،:S],FCALL_OR_ATRIB=ID_OR_VEC FCALL_OR_ATRIB_F
i    ,[:ID_OR_VEC،:FCALL_OR_ATRIB_F،:ALL_ITER،:C_C_BRCKT،:ALL_ITER،:C_C_BRCKT،:ITER_IF_R،:ALL_ITER،:C_C_BRCKT،:S],ID_OR_VEC=id VEC_INDX
=    ,[:VEC_INDX،:FCALL_OR_ATRIB_F،:ALL_ITER،:C_C_BRCKT،:ALL_ITER،:C_C_BRCKT،:ITER_IF_R،:ALL_ITER،:C_C_BRCKT،:S],VEC_INDX=epsilon
=    ,[:FCALL_OR_ATRIB_F،:ALL_ITER،:C_C_BRCKT،:ALL_ITER،:C_C_BRCKT،:ITER_IF_R،:ALL_ITER،:C_C_BRCKT،:S],FCALL_OR_ATRIB_F=ATRIB
=    ,[:ATRIB،:ALL_ITER،:C_C_BRCKT،:ALL_ITER،:C_C_BRCKT،:ITER_IF_R،:ALL_ITER،:C_C_BRCKT،:S],ATRIB=opr_atr EXPR_NUM
i    ,[:EXPR_NUM،:ALL_ITER،:C_C_BRCKT،:ALL_ITER،:C_C_BRCKT،:ITER_IF_R،:ALL_ITER،:C_C_BRCKT،:S],EXPR_NUM=EXPR_NUM_K EXPR_NUM_KR
i    ,[:EXPR_NUM_K،:EXPR_NUM_KR،:ALL_ITER،:C_C_BRCKT،:ALL_ITER،:C_C_BRCKT،:ITER_IF_R،:ALL_ITER،:C_C_BRCKT،:S],EXPR_NUM_K=EXPR_NUM_G EXPR_NUM_KH
i    ,[:EXPR_NUM_G،:EXPR_NUM_KH،:EXPR_NUM_KR،:ALL_ITER،:C_C_BRCKT،:ALL_ITER،:C_C_BRCKT،:ITER_IF_R،:ALL_ITER،:C_C_BRCKT،:S],EXPR_NUM_G=ID_OR_VEC
i    ,[:ID_OR_VEC،:EXPR_NUM_KH،:EXPR_NUM_KR،:ALL_ITER،:C_C_BRCKT،:ALL_ITER،:C_C_BRCKT،:ITER_IF_R،:ALL_ITER،:C_C_BRCKT،:S],ID_OR_VEC=id VEC_INDX
+    ,[:VEC_INDX،:EXPR_NUM_KH،:EXPR_NUM_KR،:ALL_ITER،:C_C_BRCKT،:ALL_ITER،:C_C_BRCKT،:ITER_IF_R،:ALL_ITER،:C_C_BRCKT،:S],VEC_INDX=epsilon
+    ,[:EXPR_NUM_KH،:EXPR_NUM_KR،:ALL_ITER،:C_C_BRCKT،:ALL_ITER،:C_C_BRCKT،:ITER_IF_R،:ALL_ITER،:C_C_BRCKT،:S],EXPR_NUM_KH=epsilon
+    ,[:EXPR_NUM_KR،:ALL_ITER،:C_C_BRCKT،:ALL_ITER،:C_C_BRCKT،:ITER_IF_R،:ALL_ITER،:C_C_BRCKT،:S],EXPR_NUM_KR=opr_pm EXPR_NUM
1    ,[:EXPR_NUM،:ALL_ITER،:C_C_BRCKT،:ALL_ITER،:C_C_BRCKT،:ITER_IF_R،:ALL_ITER،:C_C_BRCKT،:S],EXPR_NUM=EXPR_NUM_K EXPR_NUM_KR
1    ,[:EXPR_NUM_K،:EXPR_NUM_KR،:ALL_ITER،:C_C_BRCKT،:ALL_ITER،:C_C_BRCKT،:ITER_IF_R،:ALL_ITER،:C_C_BRCKT،:S],EXPR_NUM_K=EXPR_NUM_G EXPR_NUM_KH
1    ,[:EXPR_NUM_G،:EXPR_NUM_KH،:EXPR_NUM_KR،:ALL_ITER،:C_C_BRCKT،:ALL_ITER،:C_C_BRCKT،:ITER_IF_R،:ALL_ITER،:C_C_BRCKT،:S],EXPR_NUM_G=ct_int
}    ,[:EXPR_NUM_KH،:EXPR_NUM_KR،:ALL_ITER،:C_C_BRCKT،:ALL_ITER،:C_C_BRCKT،:ITER_IF_R،:ALL_ITER،:C_C_BRCKT،:S],EXPR_NUM_KH=epsilon
}    ,[:EXPR_NUM_KR،:ALL_ITER،:C_C_BRCKT،:ALL_ITER،:C_C_BRCKT،:ITER_IF_R،:ALL_ITER،:C_C_BRCKT،:S],EXPR_NUM_KR=epsilon
}    ,[:ALL_ITER،:C_C_BRCKT،:ALL_ITER،:C_C_BRCKT،:ITER_IF_R،:ALL_ITER،:C_C_BRCKT،:S],ALL_ITER=epsilon
}    ,[:ALL_ITER،:C_C_BRCKT،:ITER_IF_R،:ALL_ITER،:C_C_BRCKT،:S],ALL_ITER=epsilon
}    ,[:ITER_IF_R،:ALL_ITER،:C_C_BRCKT،:S],ITER_IF_R=epsilon
}    ,[:ALL_ITER،:C_C_BRCKT،:S],ALL_ITER=epsilon
\eof ,[:S],S=epsilon
\eof ,[],---
